{
    "batchName": "",
    "batchTime": 0,
    "boardConf": "",
    "boardCustom": "",
    "boardName": "OAK-D-LITE",
    "boardOptions": 0,
    "boardRev": "R1M1E3",
    "cameraData": [
        [
            2,
            {
                "cameraType": 0,
                "distortionCoeff": [
                    -12.071084976196289,
                    71.81934356689453,
                    0.0004313176905270666,
                    -0.0006928539951331913,
                    -84.10212707519531,
                    -12.058005332946777,
                    71.74736785888672,
                    -84.00682830810547,
                    0.0,
                    0.0,
                    0.0,
                    0.0,
                    0.0,
                    0.0
                ],
                "extrinsics": {
                    "rotationMatrix": [
                        [
                            0.9999985694885254,
                            0.0007680999697186053,
                            0.0015209410339593887
                        ],
                        [
                            -0.0007735442486591637,
                            0.9999932646751404,
                            0.003582227975130081
                        ],
                        [
                            -0.0015181793132796884,
                            -0.003583399346098304,
                            0.9999924302101135
                        ]
                    ],
                    "specTranslation": {
                        "x": 3.75,
                        "y": 0.0,
                        "z": 0.0
                    },
                    "toCameraSocket": 0,
                    "translation": {
                        "x": 3.6691720485687256,
                        "y": -0.035310324281454086,
                        "z": -0.08025849610567093
                    }
                },
                "height": 480,
                "intrinsicMatrix": [
                    [
                        456.9541931152344,
                        0.0,
                        322.0204162597656
                    ],
                    [
                        0.0,
                        456.9541931152344,
                        244.00332641601563
                    ],
                    [
                        0.0,
                        0.0,
                        1.0
                    ]
                ],
                "lensPosition": 0,
                "specHfovDeg": 72.9000015258789,
                "width": 640
            }
        ],
        [
            1,
            {
                "cameraType": 0,
                "distortionCoeff": [
                    -3.0077407360076904,
                    -10.351910591125488,
                    -0.002000644104555249,
                    0.0018826157320290804,
                    199.4501190185547,
                    -2.9957075119018555,
                    -10.386569023132324,
                    199.1867218017578,
                    0.0,
                    0.0,
                    0.0,
                    0.0,
                    0.0,
                    0.0
                ],
                "extrinsics": {
                    "rotationMatrix": [
                        [
                            0.9986816048622131,
                            -0.0015812242636457086,
                            -0.05130789428949356
                        ],
                        [
                            0.00194606464356184,
                            0.9999731779098511,
                            0.0070616258308291435
                        ],
                        [
                            0.05129535123705864,
                            -0.007152164354920387,
                            0.9986579418182373
                        ]
                    ],
                    "specTranslation": {
                        "x": -7.5,
                        "y": 0.0,
                        "z": 0.0
                    },
                    "toCameraSocket": 2,
                    "translation": {
                        "x": -7.518514633178711,
                        "y": 0.008754956535995007,
                        "z": -0.1087687611579895
                    }
                },
                "height": 480,
                "intrinsicMatrix": [
                    [
                        452.4938049316406,
                        0.0,
                        331.5872802734375
                    ],
                    [
                        0.0,
                        452.4938049316406,
                        242.25645446777344
                    ],
                    [
                        0.0,
                        0.0,
                        1.0
                    ]
                ],
                "lensPosition": 0,
                "specHfovDeg": 72.9000015258789,
                "width": 640
            }
        ],
        [
            0,
            {
                "cameraType": 0,
                "distortionCoeff": [
                    -3.9791932106018066,
                    8.682861328125,
                    -0.00029952512704767287,
                    -0.001070924918167293,
                    -6.300907611846924,
                    -4.0632548332214355,
                    8.990882873535156,
                    -6.6139397621154785,
                    0.0,
                    0.0,
                    0.0,
                    0.0,
                    0.0,
                    0.0
                ],
                "extrinsics": {
                    "rotationMatrix": [
                        [
                            0.0,
                            0.0,
                            0.0
                        ],
                        [
                            0.0,
                            0.0,
                            0.0
                        ],
                        [
                            0.0,
                            0.0,
                            0.0
                        ]
                    ],
                    "specTranslation": {
                        "x": -0.0,
                        "y": -0.0,
                        "z": -0.0
                    },
                    "toCameraSocket": -1,
                    "translation": {
                        "x": 0.0,
                        "y": 0.0,
                        "z": 0.0
                    }
                },
                "height": 2160,
                "intrinsicMatrix": [
                    [
                        3003.74853515625,
                        0.0,
                        1887.4453125
                    ],
                    [
                        0.0,
                        3003.74853515625,
                        1078.924560546875
                    ],
                    [
                        0.0,
                        0.0,
                        1.0
                    ]
                ],
                "lensPosition": 52,
                "specHfovDeg": 68.7938003540039,
                "width": 3840
            }
        ]
    ],
    "hardwareConf": "",
    "imuExtrinsics": {
        "rotationMatrix": [
            [
                0.0,
                0.0,
                0.0
            ],
            [
                0.0,
                0.0,
                0.0
            ],
            [
                0.0,
                0.0,
                0.0
            ]
        ],
        "specTranslation": {
            "x": 0.0,
            "y": 0.0,
            "z": 0.0
        },
        "toCameraSocket": -1,
        "translation": {
            "x": 0.0,
            "y": 0.0,
            "z": 0.0
        }
    },
    "miscellaneousData": [],
    "productName": "",
    "stereoRectificationData": {
        "leftCameraSocket": 1,